simulation_id,distance,mass1,mass2,mchirp,q,inclination,ifos,snr,waveform,mstr,q_waveform
0,263.14581,1.2671858,1.3659209,1.1451590697101628,0.9277153603843388,2.0301308,H1-K1-V1,9.222875339138676,sfhx_mtot2times1.3200_q0.9500_id2poles.dat,129135,0.95
4,349.08993,1.4150862,1.4066268,1.2282152973846323,0.9940219896144844,2.6432339,K1-L1-V1,13.151551494427581,sfhx_m1-1.4200_m2-1.4200_id2poles.dat,142142,1.00
12,522.91544,1.5309626,1.34936,1.250740525080691,0.8813801199323876,1.039474,H1-K1-L1-V1,8.24765196246439,sfhx_mtot2times1.4400_q0.9000_id2poles.dat,136152,0.90
26,287.12256,1.4612128999999998,1.4844417,1.2821227955191443,0.984351827357046,0.2298142,H1-K1,8.97653339367075,sfhx_m1-1.4400_m2-1.4400_id2poles.dat,144144,1.00
29,431.13638,1.4228972,1.3822712,1.2208667976538927,0.9714483941636824,0.85637728,H1-L1-V1,11.45369447429476,sfhx_mtot2times1.4000_q0.9500_id2poles.dat,136144,0.95
30,281.72,1.5268407,1.3958048,1.2706203924584751,0.9141784077408992,0.72564183,K1-L1-V1,11.024834536378947,sfhx_mtot2times1.4400_q0.9000_id2poles.dat,136152,0.90
35,469.11392,1.5649671,1.3079121,1.2444767540640167,0.8357441507875788,0.58003979,H1-K1-L1-V1,10.03384659874597,sfhx_mtot2times1.4400_q0.8500_id2poles.dat,132156,0.85
44,891.9953,1.4065805,1.5727542,1.294408656304971,0.8943422309729009,0.43965655,H1-K1-L1-V1,8.326410032706393,sfhx_mtot2times1.4400_q0.9000_id2poles.dat,136152,0.90
54,201.94454,1.3837323,1.4153555,1.2182804219504877,0.9776570621303272,0.78492779,K1-L1-V1,23.9260733818126,sfhx_m1-1.4000_m2-1.4000_id2poles.dat,140140,1.00
58,266.89504,1.5632357,1.3814973999999998,1.2788380048929342,0.8837422277395532,1.7467004000000002,L1-V1,11.249395076567039,sfhx_mtot2times1.4400_q0.9000_id2poles.dat,136152,0.90
62,249.28188,1.2587046999999998,1.2939995,1.1110015858101323,0.9727242553030352,1.6944828,L1-V1,9.913807319624931,sfhx_mtot2times1.2800_q0.9500_id2poles.dat,125131,0.95
77,367.47938,1.3532881,1.577361,1.271159515221086,0.8579444401123142,0.073094225,H1-L1-V1,17.97569363366428,sfhx_mtot2times1.4400_q0.8500_id2poles.dat,132156,0.85
81,246.16822,1.3888783000000002,1.3218259,1.1794693076934133,0.9517219039277952,2.0407824,H1-K1,8.920653249925754,sfhx_mtot2times1.3600_q0.9500_id2poles.dat,133139,0.95
89,502.24745,1.4867765,1.4681556,1.2861782561674981,0.9874756562267428,0.73414287,H1-V1,8.030149323218758,sfhx_m1-1.4400_m2-1.4400_id2poles.dat,144144,1.00
102,277.28798,1.4030114,1.3179609,1.1836775521661187,0.9393800363988488,1.7186163,H1-V1,10.34563375327648,sfhx_mtot2times1.3600_q0.9500_id2poles.dat,133139,0.95
103,396.76753,1.4082503999999998,1.380553,1.213825342483564,0.980332048902667,0.84779266,H1-K1-L1-V1,10.301846877391801,sfhx_m1-1.4000_m2-1.4000_id2poles.dat,140140,1.00
104,537.11139,1.4211448,1.2979054,1.1820759368902536,0.9132816022688188,0.9989039,H1-K1-L1-V1,8.463725126533832,sfhx_mtot2times1.3600_q0.9000_id2poles.dat,129143,0.90
105,348.6169700000001,1.5172968,1.3607635,1.2505237328359675,0.8968340933692077,2.1928357000000003,H1-K1,9.986592937166883,sfhx_mtot2times1.4400_q0.9000_id2poles.dat,136152,0.90
120,258.37448,1.2464301000000002,1.5369391,1.2035955934749565,0.8109821007221432,0.70076211,H1-K1-L1,26.413602023124717,sfhx_mtot2times1.4000_q0.8000_id2poles.dat,124156,0.80
124,302.91526,1.2527777,1.3296231,1.1234579193425644,0.9422051256480124,1.4155443,H1-L1-V1,8.964247325176188,sfhx_mtot2times1.3000_q0.9500_id2poles.dat,127133,0.95
133,576.89082,1.5437028,1.4292993,1.2929242482738634,0.925890203736108,0.80138823,H1-K1-L1-V1,12.921728617095859,sfhx_mtot2times1.4400_q0.9000_id2poles.dat,136152,0.90
144,149.86546,1.3032941,1.4420677,1.193155176900993,0.903767624779336,1.8628483,H1-K1-L1-V1,17.24297985582207,sfhx_mtot2times1.3800_q0.9000_id2poles.dat,131145,0.90
153,261.54838,1.2847356,1.3349625,1.1400383105296144,0.9623757970729516,1.6948255,H1-K1-L1-V1,11.32486157332344,sfhx_mtot2times1.3000_q0.9500_id2poles.dat,127133,0.95
155,407.00399,1.5091316,1.4516193000000002,1.288449893746746,0.961890467338965,0.61579192,H1-K1-L1-V1,13.96144217233356,sfhx_mtot2times1.4400_q0.9500_id2poles.dat,140148,0.95
157,806.1914400000002,1.4235318,1.4098856000000002,1.2332993923502178,0.9904138425288428,0.590588,H1-K1-L1,9.615124081458731,sfhx_m1-1.4200_m2-1.4200_id2poles.dat,142142,1.00
160,197.64324,1.4828965,1.3063975,1.2111915992902051,0.8809768584658471,2.3317278,H1-K1-L1,19.20914750054991,sfhx_mtot2times1.4000_q0.9000_id2poles.dat,133147,0.90
168,606.22686,1.4213696000000002,1.5135695,1.276749849514074,0.9390844622595792,2.2861707,L1-V1,8.333706010493868,sfhx_mtot2times1.4400_q0.9500_id2poles.dat,140148,0.95
174,297.9872,1.3746425,1.4930217,1.24694665110934,0.9207116681559284,1.0454228,H1-K1,8.590137953800916,sfhx_mtot2times1.4400_q0.9000_id2poles.dat,136152,0.90
175,298.92318,1.4428212,1.4365631,1.2533212599258925,0.9956625949216716,1.6323386999999998,H1-K1-L1-V1,8.384987344331174,sfhx_m1-1.4400_m2-1.4400_id2poles.dat,144144,1.00
189,366.51249,1.6067782,1.3804267,1.295771925950879,0.8591271029193699,1.2340786,H1-K1-L1-V1,12.654791080580402,sfhx_mtot2times1.4400_q0.8500_id2poles.dat,132156,0.85
197,256.20758,1.2642253,1.4852431,1.1921295848575693,0.8511908252595147,1.3115605,H1-K1-L1-V1,11.171723945397687,sfhx_mtot2times1.3800_q0.8500_id2poles.dat,127149,0.85
209,457.93277,1.3802475,1.37368,1.1987124778231657,0.995241795402636,2.5951844,H1-K1-L1-V1,15.89497532170234,sfhx_m1-1.3800_m2-1.3800_id2poles.dat,138138,1.00
220,558.8795200000002,1.3438295,1.4787859,1.2269287455274775,0.908738377881477,0.6855619000000001,H1-K1-L1,10.469687203280788,sfhx_mtot2times1.4200_q0.9000_id2poles.dat,135149,0.90
225,674.07484,1.6706433,1.3183432,1.2901569295484334,0.7891230880942688,0.85950457,L1-V1,8.230113724241972,sfhx_mtot2times1.4400_q0.8000_id2poles.dat,128160,0.80
227,542.92656,1.5135848,1.3667964,1.2518040630993843,0.9030193749302978,0.60940499,H1-K1-L1-V1,12.838508321251366,sfhx_mtot2times1.4400_q0.9000_id2poles.dat,136152,0.90
237,660.71046,1.5954862,1.3537473999999998,1.2785466481008096,0.8484858095294087,0.028362409,H1-K1-V1,9.661519600066313,sfhx_mtot2times1.4400_q0.8500_id2poles.dat,132156,0.85
243,285.99471,1.4130819,1.5859742,1.3028102089670142,0.8909866881819387,0.98743065,H1-V1,12.96158417225317,sfhx_mtot2times1.4400_q0.9000_id2poles.dat,136152,0.90
253,179.76953,1.3973919,1.3583584999999998,1.1993656320520272,0.972066962746814,2.9139666,H1-K1-L1-V1,29.314236057890138,sfhx_mtot2times1.3800_q0.9500_id2poles.dat,134142,0.95
262,294.34312,1.3230802,1.3728841,1.1732463179490429,0.9637231576940836,1.8719496,H1-K1-L1-V1,10.186602452174027,sfhx_mtot2times1.3400_q0.9500_id2poles.dat,131137,0.95
263,790.89863,1.3903947,1.5867538,1.2924938665552308,0.8762510604984844,2.9977902000000003,H1-L1-V1,8.663870340743086,sfhx_mtot2times1.4400_q0.8500_id2poles.dat,132156,0.85
265,1344.1152,1.5222063,1.4662379,1.3005221205284834,0.9632320533688502,0.29285203,H1-K1-L1-V1,8.666644117374206,sfhx_mtot2times1.4400_q0.9500_id2poles.dat,140148,0.95
291,295.24778,1.4168122,1.4446743,1.2454634890174612,0.9807139228544454,2.1549400000000003,H1-L1-V1,13.26324595334587,sfhx_m1-1.4400_m2-1.4400_id2poles.dat,144144,1.00
317,644.6059799999998,1.5409793,1.3678076,1.263428616210492,0.8876223061529769,2.5695192,H1-K1-L1-V1,8.658446211428647,sfhx_mtot2times1.4400_q0.9000_id2poles.dat,136152,0.90
325,243.15524,1.4319471,1.2875249,1.1817147280768914,0.8991427825790491,2.0814387,K1-L1-V1,11.8237371918325,sfhx_mtot2times1.3600_q0.9000_id2poles.dat,129143,0.90
331,387.41105,1.4948117,1.3263107,1.225334527359834,0.8872761030703733,0.4125869,K1-L1,9.221776507928308,sfhx_mtot2times1.4200_q0.9000_id2poles.dat,135149,0.90
340,572.2560900000002,1.4816276000000002,1.4555551000000002,1.2784225825359037,0.9824027981120222,2.8892045,H1-L1-V1,10.87814948326962,sfhx_m1-1.4400_m2-1.4400_id2poles.dat,144144,1.00
347,755.6756,1.2709343000000002,1.6092892,1.2432803809217114,0.7897488530961372,2.2126536,H1-K1-L1-V1,8.881904351213153,sfhx_mtot2times1.4400_q0.8000_id2poles.dat,128160,0.80
349,769.50118,1.5005214,1.4583897,1.2877841804926615,0.9719219599267294,0.46189913,H1-K1-L1-V1,9.318545769652296,sfhx_mtot2times1.4400_q0.9500_id2poles.dat,140148,0.95
351,427.17817,1.5052681,1.4350329,1.2794021355032061,0.9533404049418172,0.63906986,H1-K1-L1,14.33142712331284,sfhx_mtot2times1.4400_q0.9500_id2poles.dat,140148,0.95
357,394.20696,1.4639465,1.3924899,1.2428692521898808,0.9511890632615332,1.9720442,H1-L1-V1,11.312629585946635,sfhx_mtot2times1.4200_q0.9500_id2poles.dat,138146,0.95
362,480.78236,1.5472779,1.4133207,1.287091788324256,0.9134239557095724,1.9245565,H1-K1-L1-V1,8.430413955441464,sfhx_mtot2times1.4400_q0.9000_id2poles.dat,136152,0.90
364,514.6152099999998,1.4105417,1.3741183,1.2119692375687714,0.9741777219347716,2.8738631000000003,H1-K1-L1,13.43168297823667,sfhx_mtot2times1.4000_q0.9500_id2poles.dat,136144,0.95
367,475.61881,1.4828137,1.4453663,1.2744392979144814,0.9747457148527829,1.2786084,H1-L1-V1,9.423945833938557,sfhx_mtot2times1.4400_q0.9500_id2poles.dat,140148,0.95
373,288.14916,1.3195118,1.5332287,1.237541231885521,0.8606099011843441,1.2844428,H1-L1-V1,9.049946621419878,sfhx_mtot2times1.4200_q0.8500_id2poles.dat,130154,0.85
385,284.1305200000001,1.3974147,1.5391304,1.2764185266450678,0.907924825602821,1.5370605,H1-K1-V1,9.062912164933683,sfhx_mtot2times1.4400_q0.9000_id2poles.dat,136152,0.90
395,328.34828,1.3405172,1.4100559,1.1967972820129702,0.9506837282124772,2.2005083,H1-L1-V1,8.747310901519379,sfhx_mtot2times1.3800_q0.9500_id2poles.dat,134142,0.95
396,662.6222,1.5585142,1.4012596000000002,1.2861330971289409,0.8990996681326356,0.25493645,H1-K1-L1,11.21298929376601,sfhx_mtot2times1.4400_q0.9000_id2poles.dat,136152,0.90
401,241.16614,1.4456519,1.2960661,1.1912693634736924,0.8965270961840814,1.8976815,K1-V1,9.423442563843912,sfhx_mtot2times1.3800_q0.9000_id2poles.dat,131145,0.90
409,324.27723,1.4037194,1.3733123,1.2086863003074848,0.9783381920916674,2.7086471000000003,K1-L1-V1,17.62861449605736,sfhx_m1-1.3800_m2-1.3800_id2poles.dat,138138,1.00
416,475.52356,1.4121021,1.4448937,1.2434813540486478,0.9773051816891444,2.4939905,H1-K1-L1-V1,10.25156797161902,sfhx_m1-1.4200_m2-1.4200_id2poles.dat,142142,1.00
421,794.03248,1.4374991,1.4466556000000002,1.255393657352443,0.9936705737011629,0.51649189,H1-K1-L1,8.928101974272106,sfhx_m1-1.4400_m2-1.4400_id2poles.dat,144144,1.00
424,448.50413,1.3819196000000002,1.359132,1.1930625304452074,0.9835101839499201,0.6782166999999999,H1-K1-L1,8.75866471264274,sfhx_m1-1.3800_m2-1.3800_id2poles.dat,138138,1.00
425,494.5588,1.3607552,1.5386773,1.2591977212089909,0.8843668519708454,2.16194,K1-L1-V1,8.056626714854405,sfhx_mtot2times1.4400_q0.9000_id2poles.dat,136152,0.90
429,221.51086,1.4025040000000002,1.5707858,1.291710520847681,0.8928677608366463,0.82583592,H1-K1-L1-V1,17.51927387207857,sfhx_mtot2times1.4400_q0.9000_id2poles.dat,136152,0.90
432,436.16135,1.4949264,1.46969,1.2903681326770131,0.9831186338002994,0.41371418,H1-L1-V1,18.24193169064509,sfhx_m1-1.4400_m2-1.4400_id2poles.dat,144144,1.00
437,500.22467,1.4860323,1.5043848999999998,1.3016252730885551,0.9878005954460192,0.66751033,H1-K1-L1-V1,8.570825961376551,sfhx_m1-1.4400_m2-1.4400_id2poles.dat,144144,1.00
446,289.30861,1.4014655,1.3953623,1.2173865300812794,0.9956451300442286,1.1267508,H1-K1-L1-V1,10.25182774890796,sfhx_m1-1.4000_m2-1.4000_id2poles.dat,140140,1.00
453,571.21656,1.337738,1.535697,1.2471700826632213,0.8710950141857411,0.25178281,K1-L1-V1,11.45411340512233,sfhx_mtot2times1.4400_q0.8500_id2poles.dat,132156,0.85
470,211.84372,1.5403262,1.3511498,1.2553528241128935,0.8771841964383907,1.1590698999999998,K1-L1-V1,15.36320551389265,sfhx_mtot2times1.4400_q0.9000_id2poles.dat,136152,0.90
473,382.4855,1.4975395,1.4149773,1.2671352355827818,0.944868098637799,2.1704718,H1-K1-V1,11.95936082966755,sfhx_mtot2times1.4400_q0.9500_id2poles.dat,140148,0.95
476,229.99789,1.4408781000000002,1.3699685,1.2230248017651522,0.9507872317581896,2.0300154,H1-K1-V1,12.48885018282597,sfhx_mtot2times1.4000_q0.9500_id2poles.dat,136144,0.95
488,485.55477,1.502235,1.4055219,1.2648344238647455,0.9356205254171284,0.64112555,K1-L1-V1,9.298360520141733,sfhx_mtot2times1.4400_q0.9500_id2poles.dat,140148,0.95
497,606.84691,1.4808777,1.4120889,1.2588096268459448,0.9535486286274686,0.50976936,H1-L1-V1,9.404126047071387,sfhx_mtot2times1.4400_q0.9500_id2poles.dat,140148,0.95
507,240.41709,1.4414872,1.4870537,1.2745362926316055,0.9693578651530876,1.711325,H1-K1-L1-V1,11.07794004735744,sfhx_mtot2times1.4400_q0.9500_id2poles.dat,140148,0.95
520,367.44526,1.2394258,1.3906325000000002,1.1425275186397792,0.8912676785563403,0.3506787,H1-L1-V1,14.139859497440579,sfhx_mtot2times1.3200_q0.9000_id2poles.dat,125139,0.90
536,403.65203,1.5339124,1.3329417,1.2441877169136966,0.8689816315455824,2.4596818,H1-L1-V1,10.992715877524901,sfhx_mtot2times1.4400_q0.8500_id2poles.dat,132156,0.85
540,475.38102,1.5473377,1.4490143,1.3033951505510124,0.9364564050885594,2.4097677,H1-K1-L1-V1,9.142110888800651,sfhx_mtot2times1.4400_q0.9500_id2poles.dat,140148,0.95
541,502.04765,1.4987321000000002,1.4543912,1.2852476910900097,0.9704143922719743,2.5222596,H1-L1-V1,9.541869748955467,sfhx_mtot2times1.4400_q0.9500_id2poles.dat,140148,0.95
543,363.97111,1.517159,1.4673927,1.298884845833281,0.9671977030752876,0.71034193,H1-L1-V1,10.11990871862792,sfhx_mtot2times1.4400_q0.9500_id2poles.dat,140148,0.95
545,173.18751,1.4201058000000002,1.4251161,1.2384524596383388,0.9964842864381366,2.4275421,K1-L1-V1,18.29052452646332,sfhx_m1-1.4200_m2-1.4200_id2poles.dat,142142,1.00
549,360.51538,1.4302364,1.3724094999999998,1.2196108502022114,0.959568292346636,2.862743,H1-V1,11.38739848766104,sfhx_mtot2times1.4000_q0.9500_id2poles.dat,136144,0.95
550,343.41099,1.3684728000000002,1.2315288999999998,1.1298316594763045,0.8999293957468498,0.57095531,H1-K1-L1,19.30276086233781,sfhx_mtot2times1.3000_q0.9000_id2poles.dat,123137,0.90
551,451.57547,1.3252589,1.3324698,1.1568384988685063,0.9945883201255292,0.5119007000000001,K1-L1-V1,12.475488596508553,sfhx_m1-1.3200_m2-1.3200_id2poles.dat,132132,1.00
556,998.02499,1.4707971000000002,1.4830272,1.2857134792303715,0.9917532867906942,0.6042841,H1-K1-L1-V1,8.972247861420453,sfhx_m1-1.4400_m2-1.4400_id2poles.dat,144144,1.00
557,158.70293,1.3047671,1.3757069,1.1662536821119636,0.9484339287678212,0.26890773,K1-L1-V1,23.80870575604713,sfhx_mtot2times1.3400_q0.9500_id2poles.dat,131137,0.95
564,152.46253000000004,1.4776824,1.3932772,1.2490095594548138,0.9428800126468312,1.5474782,H1-K1-L1-V1,12.17323691969821,sfhx_mtot2times1.4400_q0.9500_id2poles.dat,140148,0.95
573,774.80172,1.5596476,1.3756668,1.274655773639659,0.8820369421913001,3.069823,H1-K1-L1,8.495278663026909,sfhx_mtot2times1.4400_q0.9000_id2poles.dat,136152,0.90
592,338.32379,1.2777452,1.2305887,1.0915841953478376,0.9630939721002276,1.7995749,H1-K1-L1,8.971501842622104,sfhx_mtot2times1.2600_q0.9500_id2poles.dat,123129,0.95
603,556.66651,1.4998486,1.3422756,1.2348234264154232,0.8949407293509491,0.7357541,H1-K1-L1-V1,9.242950449234806,sfhx_mtot2times1.4200_q0.9000_id2poles.dat,135149,0.90
617,449.50854,1.5860545,1.3135026,1.2554027996606003,0.8281572921989756,0.2441101,K1-L1-V1,13.57166834935591,sfhx_mtot2times1.4400_q0.8500_id2poles.dat,132156,0.85
622,710.95414,1.4402543,1.4891656,1.2748907792078676,0.9671552310904844,2.4909305,H1-L1-V1,9.075681806107532,sfhx_mtot2times1.4400_q0.9500_id2poles.dat,140148,0.95
627,545.92743,1.4989503,1.4567563,1.2863887067339883,0.9718509679740551,1.056176,H1-K1-L1-V1,9.471077425507698,sfhx_mtot2times1.4400_q0.9500_id2poles.dat,140148,0.95
639,751.2702400000002,1.459307,1.5318123,1.3015012329768627,0.9526669814571928,0.72373622,H1-K1-L1-V1,8.012505542739257,sfhx_mtot2times1.4400_q0.9500_id2poles.dat,140148,0.95
644,313.61692,1.5069913,1.4535771999999998,1.2884105893954416,0.964555800687104,0.38426631,L1-V1,10.06179278423026,sfhx_mtot2times1.4400_q0.9500_id2poles.dat,140148,0.95
650,432.57918,1.4566669,1.307697,1.201161448451688,0.8977323504776554,0.67737083,H1-K1-V1,9.376800341597262,sfhx_mtot2times1.3800_q0.9000_id2poles.dat,131145,0.90
653,431.98675,1.4583583999999998,1.3713245,1.2309917646729682,0.9403206372315612,2.4996851,H1-K1-L1,9.675076647354043,sfhx_mtot2times1.4200_q0.9500_id2poles.dat,138146,0.95
660,930.27515,1.5875742,1.3907875,1.293008557049353,0.8760456676607621,0.67100767,H1-K1-L1-V1,8.00514333990728,sfhx_mtot2times1.4400_q0.8500_id2poles.dat,132156,0.85
663,390.40779,1.4984022,1.4776032,1.2953436247823051,0.986119214186952,2.8016605,H1-K1-L1-V1,12.68260820020084,sfhx_m1-1.4400_m2-1.4400_id2poles.dat,144144,1.00
664,605.7885200000002,1.3630712,1.5474958,1.2638434798625482,0.8808238445622921,0.35160221,H1-K1-L1-V1,9.080066671998438,sfhx_mtot2times1.4400_q0.9000_id2poles.dat,136152,0.90
668,205.57971,1.3223109,1.4025762,1.1854584134050137,0.9427729488066316,0.84050988,H1-L1-V1,16.66252591462507,sfhx_mtot2times1.3600_q0.9500_id2poles.dat,133139,0.95
671,415.16682,1.3107711000000002,1.5425872,1.2370711720749976,0.8497225310828459,1.4685756,H1-K1-L1-V1,10.08414903135466,sfhx_mtot2times1.4200_q0.8500_id2poles.dat,130154,0.85
682,215.89707,1.366639,1.4609398,1.2299536200139052,0.9354519604435446,2.6628134,H1-K1-V1,17.40491011450021,sfhx_mtot2times1.4200_q0.9500_id2poles.dat,138146,0.95
684,546.7687900000002,1.4323638,1.5159877,1.2827249933024498,0.9448386685459256,2.3122803,H1-L1,9.105533323129308,sfhx_mtot2times1.4400_q0.9500_id2poles.dat,140148,0.95
711,510.64852,1.3560158000000002,1.5294681,1.2532547890462429,0.8865930580703187,0.95732437,H1-L1-V1,9.922864569697898,sfhx_mtot2times1.4400_q0.9000_id2poles.dat,136152,0.90
719,192.76015,1.3595316000000002,1.2328588,1.1267861668141252,0.9068261451223348,1.2448826000000002,H1-K1-V1,10.33015920317573,sfhx_mtot2times1.3000_q0.9000_id2poles.dat,123137,0.90
724,581.5801299999998,1.4443264999999998,1.3523921,1.2165530411321426,0.9363479102543644,2.7745901,H1-K1-L1-V1,11.09008541395377,sfhx_mtot2times1.4000_q0.9500_id2poles.dat,136144,0.95
728,391.13325,1.5007304,1.4604429,1.2887823866304404,0.9731547385193235,1.8533176,H1-K1-V1,9.47374889639006,sfhx_mtot2times1.4400_q0.9500_id2poles.dat,140148,0.95
747,296.1355,1.387489,1.3899583999999998,1.208953625904701,0.9982234000672252,2.977906,H1-L1-V1,18.52455518963162,sfhx_m1-1.3800_m2-1.3800_id2poles.dat,138138,1.00
764,703.4680000000002,1.5579753,1.3567535,1.2650779343949945,0.8708440371294718,2.72638,H1-K1,9.209714462830034,sfhx_mtot2times1.4400_q0.8500_id2poles.dat,132156,0.85
767,445.64734,1.3687962,1.3889027,1.2003198788701153,0.9855234639546744,0.91534455,H1-L1-V1,9.278643397285974,sfhx_m1-1.3800_m2-1.3800_id2poles.dat,138138,1.00
768,536.1696900000002,1.3367363,1.5145871000000002,1.2382111245235972,0.8825747294427636,1.2549482,H1-K1-L1-V1,8.508805797493693,sfhx_mtot2times1.4200_q0.9000_id2poles.dat,135149,0.90
770,423.43742,1.2200608999999998,1.5547978,1.197250649742033,0.7847071175428726,2.6406653,L1-V1,13.91146155722064,sfhx_mtot2times1.3800_q0.8000_id2poles.dat,123153,0.80
778,1171.1893,1.5834781999999998,1.37333,1.283120863884624,0.8672869635969729,0.73400883,H1-K1-L1-V1,8.303299934829331,sfhx_mtot2times1.4400_q0.8500_id2poles.dat,132156,0.85
780,188.0572,1.3448873,1.4164377,1.2014522553155131,0.9494856709899772,0.89045422,L1-V1,15.214238652773867,sfhx_mtot2times1.3800_q0.9500_id2poles.dat,134142,0.95
785,209.68428,1.3247252,1.36336,1.1699120159770593,0.9716620701795564,2.058796,H1-K1-L1-V1,20.884180508576282,sfhx_mtot2times1.3400_q0.9500_id2poles.dat,131137,0.95
786,580.49528,1.1923401000000002,1.4880797,1.1581778154791864,0.8012609136459562,2.4260855,H1-K1-L1-V1,10.11180775088736,sfhx_mtot2times1.3400_q0.8000_id2poles.dat,119149,0.80
791,363.16358,1.4508934,1.5218382,1.2935143524450148,0.9533821663827338,2.5348367,H1-L1-V1,13.21263408442829,sfhx_mtot2times1.4400_q0.9500_id2poles.dat,140148,0.95
801,408.09125,1.4472103,1.3344506,1.209594073927157,0.922084786157202,2.3307377,H1-K1-L1,10.34194050586974,sfhx_mtot2times1.3800_q0.9000_id2poles.dat,131145,0.90
803,452.24654,1.4520572,1.3822736999999998,1.2332654117662172,0.9519416315004671,0.6000029,H1-V1,10.10331180813257,sfhx_mtot2times1.4200_q0.9500_id2poles.dat,138146,0.95
809,398.19385,1.2608809,1.2248016000000002,1.0818193760990007,0.9713856399918503,1.1584001,H1-K1-V1,8.519588560061804,sfhx_mtot2times1.2400_q0.9500_id2poles.dat,121127,0.95
810,292.95231,1.3994319,1.3316603,1.1883376602788192,0.9515720629206752,0.43519796,H1-L1-V1,14.79947545630802,sfhx_mtot2times1.3600_q0.9500_id2poles.dat,133139,0.95
815,1064.0956,1.401864,1.5458457,1.2812275632342978,0.9068589445893596,2.2713759,H1-K1-L1-V1,8.414679648510822,sfhx_mtot2times1.4400_q0.9000_id2poles.dat,136152,0.90
820,650.0109,1.4903195,1.3878204,1.2518295831950097,0.9312234054509788,3.0725925,H1-K1-L1-V1,8.418671481159443,sfhx_mtot2times1.4400_q0.9500_id2poles.dat,140148,0.95
829,649.8783400000002,1.5675153,1.3840709999999998,1.2817726407890142,0.8829712858305114,2.3118729,H1-L1-V1,8.311674493440863,sfhx_mtot2times1.4400_q0.9000_id2poles.dat,136152,0.90
848,141.1243,1.3521427,1.374385,1.186742724306292,0.9838165433994114,2.9154594,H1-K1-L1,32.29183248529577,sfhx_m1-1.3600_m2-1.3600_id2poles.dat,136136,1.00
857,559.73673,1.365683,1.6084811,1.2893966392707688,0.8490513192850074,0.51979699,H1-L1-V1,10.39616106204806,sfhx_mtot2times1.4400_q0.8500_id2poles.dat,132156,0.85
859,699.55673,1.4812893,1.4950455,1.295508363600831,0.9907988084643576,2.3689591,H1-L1-V1,9.380352104480432,sfhx_m1-1.4400_m2-1.4400_id2poles.dat,144144,1.00
861,391.82955,1.4294798,1.5016397,1.2753798570920438,0.9519459295062592,2.0972708,H1-L1-V1,10.00563791213823,sfhx_mtot2times1.4400_q0.9500_id2poles.dat,140148,0.95
863,414.15332,1.3496926,1.3500954,1.1751509663949424,0.9997016507129792,2.0637912,H1-K1-L1-V1,10.69588786826482,sfhx_m1-1.3400_m2-1.3400_id2poles.dat,134134,1.00
877,514.0137,1.4864177,1.3423601,1.2293800883308796,0.9030840388943162,2.8112482999999995,H1-K1-L1-V1,11.412779076881304,sfhx_mtot2times1.4200_q0.9000_id2poles.dat,135149,0.90
881,433.42938,1.3285928,1.4034421,1.1886516246263488,0.9466673402486644,2.1380377,H1-K1-L1-V1,8.45142039297561,sfhx_mtot2times1.3600_q0.9500_id2poles.dat,133139,0.95
885,192.90806,1.3704484,1.53015,1.260260998422344,0.8956301016240238,2.608077,H1,22.190098339841175,sfhx_mtot2times1.4400_q0.9000_id2poles.dat,136152,0.90
887,473.95188,1.3076546,1.3268395,1.1466936740790292,0.985540903779244,2.6811858,H1-L1-V1,11.35244628898941,sfhx_m1-1.3200_m2-1.3200_id2poles.dat,132132,1.00
891,98.724576,1.4816724,1.2737035,1.1952428347844943,0.8596390808116557,2.2078838,H1-K1-V1,34.76797348601448,sfhx_mtot2times1.3800_q0.8500_id2poles.dat,127149,0.85
895,618.73018,1.4174062,1.4498937,1.247968635580905,0.9775931849348679,2.2345747000000005,H1-K1-L1,9.192255027610962,sfhx_m1-1.4400_m2-1.4400_id2poles.dat,144144,1.00
922,507.15044000000006,1.5083285,1.2951327,1.2160381880207705,0.8586542653009606,0.83526334,H1-K1-L1-V1,10.37537163037995,sfhx_mtot2times1.4000_q0.8500_id2poles.dat,129151,0.85
923,403.95091,1.362189,1.3071094,1.1615827631223057,0.9595653760234446,0.41243959,K1-L1-V1,8.688402318857477,sfhx_mtot2times1.3400_q0.9500_id2poles.dat,131137,0.95
946,835.2463,1.4755603000000002,1.511409,1.300041535026325,0.9762812713170296,2.3043534,H1-L1-V1,10.09083302966586,sfhx_m1-1.4400_m2-1.4400_id2poles.dat,144144,1.00
948,497.61319,1.5376272,1.3869497,1.2709675114510888,0.90200648115486,1.7257626,H1-K1-L1-V1,9.020437131392322,sfhx_mtot2times1.4400_q0.9000_id2poles.dat,136152,0.90
949,608.70098,1.2811716999999998,1.330164,1.1364098118024952,0.9631682258729,2.4524169,H1-K1-L1-V1,9.054981269301974,sfhx_mtot2times1.3000_q0.9500_id2poles.dat,127133,0.95
964,444.46808,1.172203,1.4129944,1.1194049407003288,0.8295878596546457,1.0759572,K1-L1-V1,8.257924036234018,sfhx_mtot2times1.3000_q0.8500_id2poles.dat,119141,0.85
970,476.64317,1.4177984,1.4859191,1.2634990387348155,0.9541558487268922,0.91153712,H1-V1,8.413520669331486,sfhx_mtot2times1.4400_q0.9500_id2poles.dat,140148,0.95
978,161.44583,1.4275021,1.342414,1.2049932502311305,0.9403937129059214,1.4781941,H1-L1,20.854574921703342,sfhx_mtot2times1.3800_q0.9500_id2poles.dat,134142,0.95
980,215.49466,1.4793727,1.4235314,1.2632818397249468,0.9622533929414812,1.3324145,H1-K1-L1-V1,8.873093774698813,sfhx_mtot2times1.4400_q0.9500_id2poles.dat,140148,0.95
984,403.8643,1.5342547,1.3242508999999998,1.24020316121537,0.8631232480500141,2.4095104,H1-K1-L1-V1,11.50836277408458,sfhx_mtot2times1.4200_q0.8500_id2poles.dat,130154,0.85
990,804.6239099999998,1.353011,1.5283051,1.251378395173573,0.8853016325078022,0.94798154,H1-K1-L1-V1,8.126073169516888,sfhx_mtot2times1.4400_q0.9000_id2poles.dat,136152,0.90
994,602.46796,1.4604242,1.3909844999999998,1.2407060294802847,0.9524523765081404,2.465897,H1-K1-L1,11.68728829750071,sfhx_mtot2times1.4200_q0.9500_id2poles.dat,138146,0.95
999,333.40012,1.4626895,1.4227292,1.2558068998100067,0.9726802578400952,1.1425455,H1-L1-V1,13.580175312918119,sfhx_mtot2times1.4400_q0.9500_id2poles.dat,140148,0.95
1028,308.83895,1.5489891000000002,1.3208637,1.2444340788070367,0.8527262716051389,0.80177452,K1-L1-V1,9.406639002860516,sfhx_mtot2times1.4400_q0.8500_id2poles.dat,132156,0.85
1029,242.21091,1.3481249,1.3232258,1.1627123162423854,0.9815305688664306,0.64286345,H1-K1-V1,9.190217092140292,sfhx_m1-1.3400_m2-1.3400_id2poles.dat,134134,1.00
1031,227.95141,1.3296172,1.5089591999999998,1.232600545324536,0.8811485426511201,2.2538487000000003,H1-K1-L1-V1,20.38344007381205,sfhx_mtot2times1.4200_q0.9000_id2poles.dat,135149,0.90
1036,277.45291000000003,1.419592,1.3721486,1.2149650960652016,0.966579552434784,0.5992135000000001,H1-K1,14.70374901536978,sfhx_mtot2times1.4000_q0.9500_id2poles.dat,136144,0.95
1044,220.14001,1.3699489,1.3685061,1.1919815728774656,0.9989468220310992,1.6073926,L1,8.855185240830641,sfhx_m1-1.3600_m2-1.3600_id2poles.dat,136136,1.00
1046,1076.7724,1.5744503,1.4035594999999998,1.2936912653545216,0.8914600225869307,0.75168872,H1-K1-L1,8.763478174808958,sfhx_mtot2times1.4400_q0.9000_id2poles.dat,136152,0.90
1048,322.64191,1.3800367,1.4993671,1.2520412951578186,0.9204128195156476,2.2954523,H1-K1-V1,10.364192331321279,sfhx_mtot2times1.4400_q0.9000_id2poles.dat,136152,0.90
1060,480.36905,1.5317348,1.1900232,1.1734740845812763,0.7769120346420281,0.65536085,K1-L1-V1,8.819673102931867,sfhx_mtot2times1.3600_q0.8000_id2poles.dat,121151,0.80
1087,810.65293,1.5499014,1.3012235,1.235350890261454,0.8395524386260959,1.0800386999999998,H1-K1-L1-V1,8.736795170740265,sfhx_mtot2times1.4200_q0.8500_id2poles.dat,130154,0.85
1098,805.6259200000002,1.3468511,1.5080277,1.2402801908077299,0.8931209287468659,0.44281464,H1-K1-L1-V1,9.597920316468851,sfhx_mtot2times1.4200_q0.9000_id2poles.dat,135149,0.90
1118,489.05452,1.4250123,1.5168615,1.2797758695086376,0.9394478665323102,0.91103142,H1-L1,10.52656447325914,sfhx_mtot2times1.4400_q0.9500_id2poles.dat,140148,0.95
1121,799.99117,1.5589676,1.3474942,1.2610882303292192,0.8643503559663458,0.91056711,H1-K1-L1-V1,8.228164893272519,sfhx_mtot2times1.4400_q0.8500_id2poles.dat,132156,0.85
1125,398.15226,1.454009,1.4672131000000002,1.2715201850639026,0.9910005574514024,2.2074508,H1-K1-V1,9.544716027721403,sfhx_m1-1.4400_m2-1.4400_id2poles.dat,144144,1.00
1126,217.0504,1.4426874,1.426321,1.2487840560548804,0.9886556159012686,2.1194278,H1-L1,17.198450107125097,sfhx_m1-1.4400_m2-1.4400_id2poles.dat,144144,1.00
1127,209.31136,1.4147615,1.5416566,1.2854327397081504,0.9176891273971128,1.7123471,H1-K1-L1-V1,15.48818440528141,sfhx_mtot2times1.4400_q0.9000_id2poles.dat,136152,0.90
1134,531.17018,1.5186556,1.4572303999999998,1.2949984634655185,0.9595529098236624,2.4184343,H1-K1-L1-V1,11.12463962175808,sfhx_mtot2times1.4400_q0.9500_id2poles.dat,140148,0.95
1144,358.20002,1.5393626,1.4359444,1.2941385560557281,0.9328175181078192,0.5964163,H1-V1,14.46319867967602,sfhx_mtot2times1.4400_q0.9500_id2poles.dat,140148,0.95
1149,786.06547,1.4447885,1.5405822,1.2986551373368724,0.9378198060447538,0.68381372,H1-K1-L1-V1,10.993649790744147,sfhx_mtot2times1.4400_q0.9500_id2poles.dat,140148,0.95
1151,452.05649000000005,1.436004,1.4755702,1.2671958524590914,0.9731858233515424,2.6670351,H1-K1-V1,8.896174577554351,sfhx_mtot2times1.4400_q0.9500_id2poles.dat,140148,0.95
1157,230.52392000000003,1.3083373,1.383538,1.1711580327073228,0.9456460899519928,1.0221324,K1-L1-V1,15.03898422210813,sfhx_mtot2times1.3400_q0.9500_id2poles.dat,131137,0.95
1160,477.82982,1.3163768999999998,1.3609419,1.165176951268684,0.9672542964545362,2.5360393,H1-K1-V1,10.112558212376118,sfhx_mtot2times1.3400_q0.9500_id2poles.dat,131137,0.95
1165,96.897719,1.3319795,1.3134966,1.1514766292161225,0.9861237353878194,2.0843822,H1-K1,15.30970229970274,sfhx_m1-1.3200_m2-1.3200_id2poles.dat,132132,1.00
1169,289.88359,1.453655,1.4467888,1.2624872468859198,0.9952765958910472,1.1083054,H1-L1,16.62803598513074,sfhx_m1-1.4400_m2-1.4400_id2poles.dat,144144,1.00
1182,109.81222,1.272214,1.3592431,1.1446563599430115,0.9359723805108888,0.8408760000000001,H1-K1-V1,33.155789290274804,sfhx_mtot2times1.3200_q0.9500_id2poles.dat,129135,0.95
1207,536.1252099999998,1.5069224,1.2516517,1.1945592578444593,0.8306012970541815,2.2304216,K1-L1-V1,9.481994888064683,sfhx_mtot2times1.3800_q0.8500_id2poles.dat,127149,0.85
1233,188.15058,1.5094981,1.4432358,1.2848636902504298,0.956103091484514,2.3052368,H1-L1-V1,15.394527957397461,sfhx_mtot2times1.4400_q0.9500_id2poles.dat,140148,0.95
1241,468.15890999999993,1.5460794,1.4475907,1.3022241910283008,0.9362977735813568,0.72513523,H1-K1-L1-V1,13.446749394117461,sfhx_mtot2times1.4400_q0.9500_id2poles.dat,140148,0.95
1264,650.4882,1.449734,1.5445983,1.3025737657652063,0.9385831902055052,0.43114554,H1-V1,8.246885735572729,sfhx_mtot2times1.4400_q0.9500_id2poles.dat,140148,0.95
1267,348.24954,1.3587477,1.4170903,1.207933386334417,0.9588292997277591,3.0048781000000004,H1-L1-V1,10.26140190965806,sfhx_mtot2times1.3800_q0.9500_id2poles.dat,134142,0.95
1270,421.36306,1.581116,1.3486548,1.2704336614389036,0.8529765052026543,2.0806149,H1-K1-L1-V1,8.758279722685828,sfhx_mtot2times1.4400_q0.8500_id2poles.dat,132156,0.85
